id,word,index,part_of_speech,definition
1,bark,0,verb,remove the bark of a tree
2,bark,1,noun,a sailing ship with 3 (or more) masts
3,bark,2,noun,a noise resembling the bark of a dog
4,bark,3,verb,cover with bark
5,bark,4,verb,make barking sounds
6,bark,5,verb,speak in an unfriendly tone
7,bark,6,verb,tan (a skin) with bark tannins
8,bark,7,noun,the sound made by a dog
9,bark,8,noun,tough protective covering of the woody stems and roots of trees and other woody plants
10,bat,0,noun,(baseball) a turn trying to get a hit
11,bat,1,noun,nocturnal mouselike mammal with forelimbs modified to form membranous wings and anatomical adaptations for echolocation by which they navigate
12,bat,2,verb,wink briefly
13,bat,3,verb,beat thoroughly and conclusively in a competition or fight
14,bat,4,noun,the club used in playing cricket
15,bat,5,noun,a small racket with a long handle used for playing squash
16,bat,6,noun,a club used for hitting a ball in various games
17,bat,7,verb,have a turn at bat
18,bat,8,verb,"strike with, or as if with a baseball bat"
19,bat,9,verb,use a bat
20,bear,0,verb,put up with something or somebody unpleasant
21,bear,1,verb,have on one's person
22,bear,2,verb,bring forth
23,bear,3,verb,take on as one's own the expenses or debts of another person
24,bear,4,verb,behave in a certain manner
25,bear,5,verb,cause to be born
26,bear,6,verb,"have rightfully; of rights, titles, and offices"
27,bear,7,verb,contain or hold; have within
28,bear,8,verb,bring in
29,bear,9,verb,support or hold in a certain manner
30,bear,10,verb,be pregnant with
31,bear,11,noun,an investor with a pessimistic market outlook; an investor who expects prices to fall and so sells now in order to buy later at a lower price
32,bear,12,verb,have
33,bear,13,noun,massive plantigrade carnivorous or omnivorous mammals with long shaggy coats and strong claws
34,bear,14,verb,move while holding up or supporting
35,before,0,adverb,earlier in time; previously
36,before,1,adverb,at or in the front
37,bill,0,noun,a statute in draft before it becomes law
38,bill,1,verb,publicize or announce by placards
39,bill,2,noun,a piece of paper money (especially one issued by a central bank)
40,bill,3,noun,an itemized statement of money owed for goods shipped or services rendered
41,bill,4,noun,a sign posted in a public place as an advertisement
42,bill,5,verb,demand payment
43,bill,6,noun,horny projecting mouth of a bird
44,bill,7,noun,an advertisement (usually printed on a page or in a leaflet) intended for wide distribution
45,bill,8,noun,a brim that projects to the front to shade the eyes
46,bill,9,noun,a cutting tool with a sharp edge
47,bill,10,verb,advertise especially by posters or placards
48,bill,11,noun,a list of particulars (as a playbill or bill of fare)
49,bill,12,noun,the entertainment offered at a public presentation
50,bit,0,noun,an indefinitely short time
51,bit,1,noun,a small fragment
52,bit,2,noun,a small amount of solid food; a mouthful
53,bit,3,noun,a small piece or quantity of something
54,bit,4,noun,a short performance that is part of a longer program
55,bit,5,noun,a small fragment of something broken off from the whole
56,bit,6,noun,an instance of some kind
57,bit,7,noun,a unit of measurement of information (from binary + digit); the amount of information in a system having two equiprobable states
58,bit,8,noun,piece of metal held in horse's mouth by reins and used to control the horse while riding
59,bit,9,noun,the cutting part of a drill; usually pointed and threaded and is replaceable in a brace or bitstock or drill press
60,bit,10,noun,the part of a key that enters a lock and lifts the tumblers
61,blue,0,adjective,of the color intermediate between green and violet; having a color similar to that of a clear unclouded sky
62,blue,1,adjective,morally rigorous and strict
63,blue,2,noun,blue color or pigment; resembling the color of the clear sky in the daytime
64,blue,3,adjective,causing dejection
65,blue,4,noun,the sodium salt of amobarbital that is used as a barbiturate; used as a sedative and a hypnotic
66,blue,5,adjective,belonging to or characteristic of the nobility or aristocracy
67,blue,6,adjective,suggestive of sexual impropriety
68,blue,7,adjective,filled with melancholy and despondency
69,blue,8,noun,the sky as viewed during daylight
70,blue,9,noun,used to whiten laundry or hair or give it a bluish tinge
71,blue,10,adjective,characterized by profanity or cursing
72,blue,11,noun,any of numerous small butterflies of the family Lycaenidae
73,blue,12,noun,any organization or party whose uniforms or badges are blue
74,blue,13,noun,blue clothing
75,blue,14,verb,turn blue
76,blue,15,adjective,used to signify the Union forces in the American Civil War (who wore blue uniforms)
77,bold,0,noun,a typeface with thick heavy lines
78,bold,1,adjective,very steep; having a prominent and almost vertical front
79,bold,2,adjective,clear and distinct
80,bold,3,adjective,fearless and daring
81,bolt,0,noun,a discharge of lightning accompanied by thunder
82,bolt,1,noun,the act of moving with great haste
83,bolt,2,adverb,in a rigid manner
84,bolt,3,noun,the part of a lock that is engaged or withdrawn with a key
85,bolt,4,verb,run away; usually includes taking something or somebody along
86,bolt,5,verb,leave suddenly and as if in a hurry
87,bolt,6,adverb,directly
88,bolt,7,verb,eat hastily without proper chewing
89,bolt,8,noun,a roll of cloth or wallpaper of a definite length
90,bolt,9,noun,a screw that screws into a nut to form a fastener
91,bolt,10,noun,a sliding bar in a breech-loading firearm that ejects an empty cartridge and replaces it and closes the breech
92,bolt,11,noun,a sudden abandonment (as from a political party)
93,bolt,12,verb,make or roll into bolts
94,bolt,13,verb,move or jump suddenly
95,bolt,14,verb,secure or lock with a bolt
96,bolt,15,verb,swallow hastily
97,bore,0,verb,"make a hole, especially with a pointed power or hand tool"
98,bore,1,noun,a high wave (often dangerous) caused by tidal flow (as by colliding tidal currents or in a narrow estuary)
99,bore,2,verb,cause to be bored
100,bore,3,noun,a hole or passage made by a drill; usually made for exploratory purposes
101,bore,4,noun,a person who evokes boredom
102,bore,5,noun,diameter of a tube or gun barrel
103,bowl,0,noun,a small round container that is open at the top for holding tobacco
104,bowl,1,noun,a large ball with finger holes used in the sport of bowling
105,bowl,2,noun,the quantity contained in a bowl
106,bowl,3,noun,the act of rolling something (as the ball in bowling)
107,bowl,4,noun,a large structure for open-air sports or entertainments
108,bowl,5,noun,a concave shape with an open top
109,bowl,6,noun,a dish that is round and open at the top for serving foods
110,bowl,7,noun,a round vessel that is open at the top; used chiefly for holding food or liquids
111,bowl,8,noun,a wooden ball (with flattened sides so that it rolls on a curved course) used in the game of lawn bowling
112,bowl,9,verb,engage in the sport of bowling
113,bowl,10,verb,hurl a cricket ball from one end of the pitch towards the batsman at the other end
114,bowl,11,verb,roll (a ball)
115,box,0,noun,private area in a theater or grandstand where a small group can watch the performance
116,box,1,verb,put into a box
117,box,2,noun,the driver's seat on a coach
118,box,3,noun,the quantity contained in a box
119,box,4,noun,evergreen shrubs or small trees
120,box,5,noun,a predicament from which a skillful or graceful escape is impossible
121,box,6,noun,a blow with the hand (usually on the ear)
122,box,7,noun,any one of several designated areas on a ball field where the batter or catcher or coaches are positioned
123,box,8,noun,a rectangular drawing
124,box,9,noun,a (usually rectangular) container; may have a lid
125,box,10,verb,engage in a boxing match
126,box,11,verb,hit with the fist
127,box,12,noun,separate partitioned area in a public place for a few people
128,buckle,0,noun,a shape distorted by twisting or folding
129,buckle,1,verb,fasten with a buckle or buckles
130,buckle,2,verb,fold or collapse
131,buckle,3,verb,"bend out of shape, as under pressure or from heat"
132,buckle,4,noun,fastener that fastens together two ends of a belt or strap; often has loose prong
133,cabinet,0,noun,a storage compartment for clothes and valuables; usually it has a lock
134,cabinet,1,noun,"housing for electronic instruments, as radio or television"
135,cabinet,2,noun,a piece of furniture resembling a cupboard with doors and shelves and drawers; for storage or display
136,cabinet,3,noun,persons appointed by a head of state to head executive departments of government and act as official advisers
137,can,0,noun,a buoy with a round bottom and conical top
138,can,1,noun,a plumbing fixture for defecation and urination
139,can,2,noun,a room or building equipped with one or more toilets
140,can,3,verb,terminate the employment of; discharge from an office or position
141,can,4,noun,the fleshy part of the human body that you sit on
142,can,5,verb,preserve in a can or tin
143,can,6,noun,the quantity contained in a can
144,can,7,noun,airtight sealed metal container for food or drink or paint etc.
145,certain,0,adjective,having or feeling no doubt or uncertainty; confident and assured
146,certain,1,adjective,certain to occur; destined or inevitable
147,certain,2,adjective,exercising or taking care great enough to bring assurance
148,certain,3,adjective,reliable in operation or effect
149,certain,4,adjective,established irrevocably
150,certain,5,adjective,definite but not specified or identified
151,certain,6,adjective,established beyond doubt or question; definitely known
152,chair,0,verb,"act or preside as chair, as of an academic department in a university"
153,chair,1,noun,the officer who presides at the meetings of an organization
154,chair,2,verb,preside over
155,chair,3,noun,an instrument of execution by electrocution; resembles an ordinary seat for one person
156,chair,4,noun,the position of professor
157,chair,5,noun,a particular seat in an orchestra
158,chair,6,noun,"a seat for one person, with a support for the back"
159,channel,0,verb,transmit or serve as the medium for transmission
160,channel,1,noun,a television station and its programs
161,channel,2,noun,a bodily passage or tube lined with epithelial cells and conveying a secretion or other substance
162,channel,3,noun,a path over which electrical signals can pass
163,channel,4,noun,(often plural) a means of communication or access
164,channel,5,noun,a way of selling a company's product either directly or via distributors
165,channel,6,noun,a long narrow furrow cut either by a natural process (such as erosion) or by a tool (as e.g. a groove in a phonograph record)
166,channel,7,verb,send from one person or place to another
167,channel,8,noun,a deep and relatively narrow body of water (as in a river or a harbor or a strait linking two larger bodies) that allows the best passage for vessels
168,channel,9,noun,a passage for water (or other fluids) to flow through
169,channel,10,verb,direct the flow of
170,charge,0,noun,(criminal law) a pleading describing some wrong or offense
171,charge,1,verb,move quickly and violently
172,charge,2,noun,a quantity of explosive to be set off at one time
173,charge,3,noun,the quantity of unbalanced electricity in a body (either positive or negative) and construed as an excess or deficiency of electrons
174,charge,4,verb,"cause to be agitated, excited, or roused"
175,charge,5,noun,(psychoanalysis) the libidinal energy invested in some idea or person or object
176,charge,6,verb,demand payment
177,charge,7,verb,direct into a position for use
178,charge,8,verb,"blame for, make a claim of wrongdoing or misbehavior against"
179,charge,9,noun,request for payment of a debt
180,charge,10,verb,cause to be admitted; of persons to an institution
181,charge,11,verb,file a formal charge against
182,charge,12,verb,"to make a rush at or sudden attack upon, as in battle"
183,charge,13,verb,give over to another for care or safekeeping
184,charge,14,verb,provide (a device) with something necessary
185,charge,15,noun,attention and management implying responsibility for safety
186,charge,16,noun,a special assignment that is given to a person or group
187,charge,17,noun,heraldry consisting of a design or image depicted on a shield
188,charge,18,noun,a formal statement of a command or injunction to do something
189,charge,19,verb,attribute responsibility to
190,charge,20,noun,an assertion that someone is guilty of a fault or offence
191,charge,21,noun,the swift release of a store of affective force
192,charge,22,verb,"impose a task upon, assign a responsibility to"
193,charge,23,verb,"assign a duty, responsibility or obligation to"
194,charge,24,noun,an impetuous rush toward someone or something
195,charge,25,noun,a person committed to your care
196,charge,26,verb,cause formation of a net electrical charge in or on
197,charge,27,verb,energize a battery by passing a current through it in the direction opposite to discharge
198,charge,28,verb,enter a certain amount as a charge
199,charge,29,verb,fill or load to capacity
200,charge,30,noun,financial liabilities (such as a tax)
201,charge,31,verb,"instruct (a jury) about the law, its application, and the weighing of evidence"
202,charge,32,verb,instruct or command with authority
203,charge,33,verb,"lie down on command, of hunting dogs"
204,charge,34,verb,make an accusatory claim
205,charge,35,verb,pay with a credit card; pay with plastic money; postpone payment by recording a purchase as a debt
206,charge,36,verb,place a heraldic bearing on
207,charge,37,verb,saturate
208,charge,38,verb,set or ask for a certain price
209,charge,39,noun,the price charged for some article or service
210,check,0,noun,an appraisal of the state of affairs
211,check,1,verb,be verified or confirmed; pass inspection
212,check,2,verb,make cracks or chinks in
213,check,3,noun,a mark left after a small piece has been chopped or broken off of something
214,check,4,verb,"examine so as to determine accuracy, quality, or condition"
215,check,5,verb,develop (a child's or animal's) behavior by instruction and practice; especially to teach self-control
216,check,6,verb,become fractured; break or crack on the surface only
217,check,7,verb,lessen the intensity of; temper; hold in restraint; hold or keep within limits
218,check,8,noun,the state of inactivity following an interruption
219,check,9,verb,"find out, learn, or determine with certainty, usually by making an inquiry or other effort"
220,check,10,verb,slow the growth or development of
221,check,11,noun,a written order directing a bank to pay money
222,check,12,verb,be careful or certain to do something; make certain of something
223,check,13,verb,mark into squares or draw squares on; draw crossed lines on
224,check,14,noun,additional proof that something that was believed (some fact or hypothesis or theory) is correct
225,check,15,noun,a mark indicating that something has been noted or completed etc.
226,check,16,noun,the act of inspecting or verifying
227,check,17,noun,something immaterial that interferes with or delays action or progress
228,check,18,noun,the bill in a restaurant
229,check,19,verb,put a check mark on or near or next to
230,check,20,verb,"be compatible, similar or consistent; coincide in their characteristics"
231,check,21,verb,"hold back, as of a danger or an enemy; check the expansion or influence of"
232,check,22,noun,the act of restraining power or action or limiting excess
233,check,23,verb,"abandon the intended prey, turn, and pursue an inferior prey"
234,check,24,verb,arrest the motion (of something) abruptly
235,check,25,noun,a textile pattern of squares or crossed lines (resembling a checkerboard)
236,check,26,verb,block or impede (a player from the opposing team) in ice hockey
237,check,27,noun,(chess) a direct attack on an opponent's king
238,check,28,verb,consign for shipment on a vehicle
239,check,29,verb,decline to initiate betting
240,check,30,verb,hand over something to somebody as for temporary safekeeping
241,check,31,verb,make an examination or investigation
242,check,32,noun,obstructing an opponent in ice hockey
243,check,33,verb,place into check
244,check,34,verb,"stop for a moment, as if out of uncertainty or caution"
245,check,35,verb,stop in a chase especially when scent is lost
246,check,36,verb,verify by consulting a source or authority
247,check,37,verb,write out a check on a bank account
248,clip,0,verb,"cultivate, tend, and cut back the growth of"
249,clip,1,verb,sever or remove by pinching or snipping
250,clip,2,verb,terminate or abbreviate before its intended or proper end or its full extent
251,clip,3,verb,run at a moderately swift pace
252,clip,4,noun,a metal frame or container holding cartridges; can be inserted into an automatic gun
253,clip,5,noun,an instance or single occasion for some event
254,clip,6,noun,the act of clipping or snipping
255,clip,7,noun,an article of jewelry that can be clipped onto a hat or dress
256,clip,8,noun,any of various small fasteners used to hold loose articles together
257,clip,9,noun,a sharp slanting blow
258,clip,10,verb,attach with a clip
259,club,0,noun,golf equipment used by a golfer to hit a golf ball
260,club,1,noun,a team of professional baseball players who play and travel together
261,club,2,noun,a spot that is open late at night and that provides entertainment (as singers or dancers) as well as dancing and food and drink
262,club,3,verb,strike with a club or a bludgeon
263,club,4,noun,a formal association of people with similar interests
264,club,5,noun,a building that is occupied by a social club
265,club,6,noun,a playing card in the minor suit that has one or more black trefoils on it
266,club,7,verb,gather and spend time together
267,club,8,verb,gather into a club-like mass
268,club,9,noun,stout stick that is larger at one end
269,club,10,verb,unite with a common purpose
270,coach,0,verb,"teach and supervise (someone); act as a trainer or coach (to), as in sports"
271,coach,1,noun,a vehicle carrying many passengers; used for public transport
272,coach,2,noun,(sports) someone in charge of training an athlete or a team
273,coach,3,noun,a railcar where passengers ride
274,coach,4,noun,a carriage pulled by four horses with one driver
275,coach,5,noun,"a person who gives private instruction (as in singing, acting, etc.)"
276,coach,6,verb,drive a coach
277,cobble,0,noun,rectangular paving stone with curved top; once used to make roads
278,cobble,1,verb,pave with cobblestones
279,cobble,2,verb,repair or mend
280,cobbler,0,noun,a pie made of fruit with rich biscuit dough usually only on top of the fruit
281,cobbler,1,noun,a person who makes or repairs shoes
282,cobbler,2,noun,tall sweetened iced drink of wine or liquor with fruit
283,column,0,noun,an article giving opinions or perspectives
284,column,1,noun,anything that approximates the shape of a column or tower
285,column,2,noun,a vertical cylindrical structure standing alone and not supporting anything (such as a monument)
286,column,3,noun,a vertical glass tube used in column chromatography; a mixture is poured in the top and washed through a stationary substance where components of the mixture are adsorbed selectively to form colored bands
287,column,4,noun,(architecture) a tall vertical cylindrical structure standing upright and used to support a structure
288,column,5,noun,a line of units following one after another
289,column,6,noun,any tubular or pillar-like supporting structure in the body
290,column,7,noun,a page or text that is vertically divided
291,column,8,noun,a vertical array of numbers or other information
292,company,0,noun,a social or business visitor
293,company,1,verb,be a companion to somebody
294,company,2,noun,the state of being with someone
295,company,3,noun,a band of people associated temporarily in some activity
296,company,4,noun,organization of performers and associated personnel (especially theatrical)
297,company,5,noun,crew of a ship including the officers; the whole force or personnel of a ship
298,company,6,noun,an institution created to conduct business
299,company,7,noun,a social gathering of guests or companions
300,company,8,noun,a unit of firefighters including their equipment
301,company,9,noun,small military unit; usually two or three platoons
302,crane,0,noun,United States poet (1899-1932)
303,crane,1,noun,a small constellation in the southern hemisphere near Phoenix
304,crane,2,noun,United States writer (1871-1900)
305,crane,3,verb,stretch (the neck) so as to see better
306,crane,4,noun,large long-necked wading bird of marshes and plains in many parts of the world
307,crane,5,noun,lifts and moves heavy objects; lifting tackle is suspended from a pivoted boom that rotates around a vertical axis
308,current,0,noun,a steady flow of a fluid (usually from natural causes)
309,current,1,noun,a flow of electricity through a conductor
310,current,2,noun,dominant course (suggestive of running water) of successive events or ideas
311,current,3,adjective,occurring in or belonging to the present time
312,custom,0,noun,a specific practice of long standing
313,custom,1,noun,accepted or habitual practice
314,custom,2,noun,money collected under a tariff
315,custom,3,adjective,made according to the specifications of an individual
316,custom,4,noun,habitual patronage
317,date,0,noun,a participant in a date
318,date,1,verb,date regularly; have a steady relationship with
319,date,2,noun,the specified day of the month
320,date,3,noun,a meeting arranged in advance
321,date,4,verb,stamp with a date
322,date,5,noun,a particular day specified as the time something happens
323,date,6,verb,assign a date to; determine the (probable) date of
324,date,7,verb,go on a date with
325,date,8,verb,provide with a dateline; mark with a date
326,date,9,noun,sweet edible fruit of the date palm with a single long woody seed
327,date,10,noun,"the particular day, month, or year (usually according to the Gregorian calendar) that an event occurred"
328,date,11,noun,the present
329,doctor,0,noun,a licensed medical practitioner
330,doctor,1,verb,restore by replacing a part or putting together what is torn or broken
331,doctor,2,noun,a person who holds Ph.D. degree (or the equivalent) from an academic institution
332,doctor,3,noun,(Roman Catholic Church) a title conferred on 33 saints who distinguished themselves through the orthodoxy of their theological teaching
333,doctor,4,verb,"alter and make impure, as with the intention to deceive"
334,doctor,5,noun,children take the roles of physician or patient or nurse and pretend they are at the physician's office
335,doctor,6,verb,give medical treatment to
336,draft,0,noun,a large and hurried swallow
337,draft,1,noun,the act of moving a load by drawing or pulling
338,draft,2,noun,a preliminary sketch of a design or picture
339,draft,3,noun,compulsory military service
340,draft,4,noun,a serving of drink (usually alcoholic) drawn from a keg
341,draft,5,noun,a dose of liquid medicine
342,draft,6,verb,draw up an outline or sketch for something
343,draft,7,noun,a document ordering the payment of money; drawn by one person or bank on another
344,draft,8,verb,engage somebody to enter the army
345,draft,9,noun,any of the various versions in the development of a written work
346,draft,10,verb,make a blueprint of
347,draft,11,noun,the depth of a vessel's keel below the surface (especially when loaded)
348,draft,12,noun,a current of air (usually coming into a chimney or room or vehicle)
349,draft,13,noun,a regulator for controlling the flow of air in a fireplace
350,dread,0,adjective,causing fear or dread or terror
351,dread,1,noun,fearful expectation or anticipation
352,dread,2,verb,be afraid or scared of; be frightened of
353,file,0,verb,record in a public office or in a court of law
354,file,1,noun,a line of persons or things ranged one behind the other
355,file,2,verb,file a formal charge against
356,file,3,noun,office furniture consisting of a container for keeping papers in order
357,file,4,noun,a set of related records (either written or electronic) kept together
358,file,5,verb,place in a container for keeping records
359,file,6,noun,a steel hand tool with small sharp teeth on some or all of its surfaces; used for smoothing wood or metal
360,file,7,verb,proceed in line
361,file,8,verb,smooth with a file
362,fly,0,verb,pass away rapidly
363,fly,1,verb,decrease rapidly and disappear
364,fly,2,verb,travel through the air; be airborne
365,fly,3,verb,run away quickly
366,fly,4,noun,flap consisting of a piece of canvas that can be drawn back to provide entrance to a tent
367,fly,5,verb,operate an airplane
368,fly,6,noun,an opening in a garment that is closed by a zipper or by buttons concealed under a fold of cloth
369,fly,7,noun,(baseball) a hit that flies up in the air
370,fly,8,verb,be dispersed or disseminated
371,fly,9,adjective,(British informal) not to be deceived or hoodwinked
372,fly,10,verb,cause to fly or float
373,fly,11,verb,change quickly from one emotional state to another
374,fly,12,verb,display in the air or cause to float
375,fly,13,noun,fisherman's lure consisting of a fishhook decorated to look like an insect
376,fly,14,verb,hit a fly
377,fly,15,verb,move quickly or suddenly
378,fly,16,verb,transport by aeroplane
379,fly,17,verb,travel in an airplane
380,fly,18,verb,travel over (an area of land or sea) in an aircraft
381,fly,19,noun,two-winged insects characterized by active flight
382,foot,0,noun,lowest support of a structure
383,foot,1,verb,pay for something
384,foot,2,noun,(prosody) a group of 2 or 3 syllables forming the basic unit of poetic rhythm
385,foot,3,verb,add a column of numbers
386,foot,4,noun,the part of the leg of a human being below the ankle joint
387,foot,5,noun,a linear unit of length equal to 12 inches or a third of a yard
388,foot,6,noun,any of various organs of locomotion or attachment in invertebrates
389,foot,7,verb,walk
390,foot,8,noun,the pedal extremity of vertebrates other than human beings
391,foot,9,noun,an army unit consisting of soldiers who fight on foot
392,foot,10,noun,a member of a surveillance team who works on foot or rides as a passenger
393,foot,11,noun,a support resembling a pedal extremity
394,foot,12,noun,the lower part of anything
395,foot,13,noun,travel by walking
396,grave,0,adjective,of great gravity or crucial import; requiring serious thought
397,grave,1,noun,a mark (`) placed above a vowel to indicate pronunciation
398,grave,2,adjective,dignified and somber in manner or character and committed to keeping promises
399,grave,3,verb,"carve, cut, or etch into a material or surface"
400,grave,4,verb,shape (a material like stone or wood) by whittling away at it
401,grave,5,noun,a place for the burial of a corpse (especially beneath the ground and marked by a tombstone)
402,grave,6,adjective,causing fear or anxiety by threatening great harm
403,grave,7,noun,death of a person
404,ground,0,noun,material in the top layer of the surface of the earth in which plants can grow (especially with reference to its quality or use)
405,ground,1,noun,the part of a scene (or picture) that lies behind objects in the foreground
406,ground,2,noun,a rational motive for a belief or action
407,ground,3,verb,hit or reach the ground
408,ground,4,noun,a relation that provides the foundation for something
409,ground,5,verb,cover with a primer; apply a primer to
410,ground,6,noun,"a connection between an electrical device and a large conducting body, such as the earth (which is taken to be at zero voltage)"
411,ground,7,verb,fix firmly and stably
412,ground,8,verb,use as a basis for; found on
413,ground,9,verb,bring to the ground
414,ground,10,noun,the solid part of the earth's surface
415,ground,11,noun,the loose soft material that makes up a large part of the land surface
416,ground,12,noun,the first or preliminary coat of paint or size applied to a surface
417,ground,13,noun,a position to be won or defended in battle (or as if in battle)
418,ground,14,noun,a relatively homogeneous percept extending back of the figure on which attention is focused
419,ground,15,noun,(art) the surface (as a wall or canvas) prepared to take the paint for a painting
420,ground,16,verb,confine or restrict to the ground
421,ground,17,verb,connect to a ground
422,ground,18,verb,hit a groundball
423,ground,19,verb,hit onto the ground
424,ground,20,verb,instruct someone in the fundamentals of a subject
425,ground,21,verb,place or put on the ground
426,ground,22,verb,throw to the ground in order to stop play and avoid being tackled behind the line of scrimmage
427,gum,0,noun,wood or lumber from any of various gum trees especially the sweet gum
428,gum,1,verb,grind with the gums; chew without teeth and with great difficulty
429,gum,2,noun,any of various trees of the genera Eucalyptus or Liquidambar or Nyssa that are sources of gum
430,gum,3,noun,a preparation (usually made of sweetened chicle) for chewing
431,gum,4,noun,the tissue (covered by mucous membrane) of the jaws that surrounds the bases of the teeth
432,gum,5,noun,cement consisting of a sticky substance that is used as an adhesive
433,gum,6,noun,any of various substances (soluble in water) that exude from certain plants; they are gelatinous when moist but harden on drying
434,gum,7,verb,become sticky
435,gum,8,verb,"cover, fill, fix or smear with or as if with gum"
436,gum,9,verb,exude or form gum
437,hamper,0,verb,prevent the progress or free movement of
438,hamper,1,noun,a restraint that confines or restricts freedom (especially something used to tie down or restrain a prisoner)
439,hamper,2,verb,put at a disadvantage
440,hamper,3,noun,a basket usually with a cover
441,handle,0,verb,"touch, lift, or hold with the hands"
442,handle,1,verb,handle effectively
443,handle,2,noun,the appendage to an object that is designed to be held in order to use or move it
444,handle,3,verb,interact in a certain way
445,handle,4,verb,act on verbally or in some form of artistic expression
446,handle,5,verb,"be in charge of, act on, or dispose of"
447,handle,6,verb,show and train
448,harbor,0,noun,a sheltered port where ships can take on or discharge cargo
449,harbor,1,noun,a place of refuge and comfort and security
450,harbor,2,verb,keep in one's possession; of animals
451,harbor,3,verb,"maintain (a theory, thoughts, or feelings)"
452,harbor,4,verb,secretly shelter (as of fugitives or criminals)
453,harbor,5,verb,hold back a thought or feeling about
454,hard,0,adjective,(of light) transmitted directly from a pointed light source
455,hard,1,adjective,unfortunate or hard to bear
456,hard,2,adverb,with firmness
457,hard,3,adjective,produced without vibration of the vocal cords
458,hard,4,adverb,slowly and with difficulty
459,hard,5,adjective,very strong or vigorous
460,hard,6,adjective,given to excessive indulgence of bodily appetites especially for intoxicating liquors
461,hard,7,adverb,indulging excessively
462,hard,8,adjective,not easy; requiring great physical or mental effort to accomplish or comprehend or endure
463,hard,9,adjective,being distilled rather than fermented; having a high alcoholic content
464,hard,10,adjective,characterized by effort to the point of exhaustion; especially physical effort
465,hard,11,adverb,causing great damage or hardship
466,hard,12,adjective,dispassionate
467,hard,13,adjective,dried out
468,hard,14,adjective,(of speech sounds); produced with the back of the tongue raised toward or touching the velum
469,hard,15,adjective,resisting weight or pressure
470,hard,16,,with effort or force or vigor
471,hard,17,,into a solid condition
472,hatch,0,noun,shading consisting of multiple crossing lines
473,hatch,1,verb,devise or invent
474,hatch,2,noun,a sloping rear car door that is lifted to open
475,hatch,3,verb,sit on (eggs)
476,hatch,4,noun,the production of young from an egg
477,hatch,5,noun,a movable barrier covering a hatchway
478,hatch,6,verb,"draw, cut, or engrave lines, usually parallel, on metal, wood, or paper"
479,hatch,7,verb,emerge from the eggs
480,hatch,8,verb,"inlay with narrow strips or lines of a different substance such as gold or silver, for the purpose of decorating"
481,head,0,noun,(computer science) a tiny electromagnetic coil and metal pole used to write and read magnetic patterns on a disk
482,head,1,verb,be in charge of
483,head,2,noun,a person who is in charge
484,head,3,noun,"that which is responsible for one's thoughts, feelings, and conscious brain functions; the seat of the faculty of reason"
485,head,4,verb,be the first or leading member of (a group) and excel
486,head,5,noun,the educator who has executive authority for a school
487,head,6,noun,the upper part of the human body or the front part of the body in animals; contains the face and brains
488,head,7,verb,travel in front of; go in advance of others
489,head,8,noun,the part in the front or nearest the viewer
490,head,9,noun,a line of text serving to indicate what the passage below it is about
491,head,10,noun,a V-shaped mark at one end of an arrow pointer
492,head,11,noun,a difficult juncture
493,head,12,noun,forward movement
494,head,13,noun,oral stimulation of the genitals
495,head,14,noun,a dense cluster of flowers or foliage
496,head,15,noun,the subject matter at issue
497,head,16,verb,direct the course; determine the direction of travelling
498,head,17,noun,the source of water from which a stream arises
499,head,18,noun,a natural elevation (especially a rocky one that juts out into the sea)
500,head,19,noun,(grammar) the word in a grammatical constituent that plays the same grammatical role as the whole constituent
501,head,20,noun,a membrane that is stretched taut over a drum
502,head,21,noun,an individual person
503,head,22,noun,a projection out from one end
504,head,23,noun,a rounded compact mass
505,head,24,noun,a single domestic animal
506,head,25,noun,a user of (usually soft) drugs
507,head,26,verb,be in the front of or on top of
508,head,27,verb,form a head or come or grow to a head
509,head,28,noun,(nautical) a toilet on board a boat or ship
510,head,29,verb,remove the head of
511,head,30,verb,take its rise
512,head,31,noun,that part of a skeletal muscle that is away from the bone that it moves
513,head,32,noun,the foam or froth that accumulates at the top when you pour an effervescent liquid into a container
514,head,33,noun,the front of a military formation or procession
515,head,34,noun,the length or height based on the size of a human or animal head
516,head,35,noun,the pressure exerted by a fluid
517,head,36,noun,the rounded end of a bone that fits into a rounded cavity in another bone to form a joint
518,head,37,noun,the striking part of a tool
519,head,38,noun,the tip of an abscess (where the pus accumulates)
520,head,39,noun,the top of something
521,head,40,verb,to go or travel towards
522,head,41,noun,(usually plural) the obverse side of a coin that usually bears the representation of a person's head
523,hide,0,verb,make undecipherable or imperceptible by obscuring or concealing
524,hide,1,noun,the dressed skin of an animal (especially a large animal)
525,hide,2,noun,body covering of a living animal
526,hide,3,verb,prevent from being seen or discovered
527,hide,4,verb,"be or go into hiding; keep out of sight, as for protection and safety"
528,hide,5,verb,cover as if with a shroud
529,hit,0,verb,drive something violently into a location
530,hit,1,verb,kill intentionally and with premeditation
531,hit,2,verb,gain points in a game
532,hit,3,noun,a conspicuous success
533,hit,4,verb,hit with a missile from a weapon
534,hit,5,noun,(physics) a brief event in which two or more bodies come together
535,hit,6,verb,"make a strategic, offensive, assault against an enemy, opponent, or a target"
536,hit,7,verb,"affect or afflict suddenly, usually adversely"
537,hit,8,verb,"reach a point in time, or a certain state or level"
538,hit,9,verb,encounter by chance
539,hit,10,verb,cause to experience suddenly
540,hit,11,noun,the act of contacting one thing with another
541,hit,12,verb,produce by manipulating keys or strings of musical instruments
542,hit,13,verb,"reach a destination, either real or abstract"
543,hit,14,verb,hit against; come into sudden contact with
544,hit,15,noun,a connection made via the internet to another website
545,hit,16,noun,a dose of a narcotic drug
546,hit,17,noun,a murder carried out by an underworld syndicate
547,hit,18,noun,(baseball) a successful stroke in an athletic contest (especially in baseball)
548,hit,19,verb,cause to move by striking
549,hit,20,verb,"deal a blow to, either with the hand or with an instrument"
550,hit,21,verb,hit the intended target or goal
551,hit,22,verb,pay unsolicited and usually unwanted sexual attention to
552,jam,0,noun,informal terms for a difficult situation
553,jam,1,noun,a dense crowd of people
554,jam,2,noun,deliberate radiation or reflection of electromagnetic energy for the purpose of disrupting enemy use of electronic devices or systems
555,jam,3,verb,block passage through
556,jam,4,verb,press tightly together or cram
557,jam,5,verb,interfere with or prevent the reception of signals
558,jam,6,verb,crush or bruise
559,jam,7,verb,crowd or pack to capacity
560,jam,8,verb,get stuck and immobilized
561,jam,9,noun,preserve of crushed fruit
562,jam,10,verb,push down forcibly
563,jerk,0,noun,a dull stupid fatuous person
564,jerk,1,verb,throw or toss with a quick motion
565,jerk,2,noun,a sudden abrupt pull
566,jerk,3,verb,"pull, or move with a sudden movement"
567,jerk,4,noun,meat (especially beef) cut in strips and dried in the sun
568,jerk,5,noun,an abrupt spasmodic movement
569,jerk,6,verb,"make an uncontrolled, short, jerky motion"
570,jerk,7,verb,"jump vertically, with legs stiff and back arched"
571,jerk,8,verb,"move with abrupt, seemingly uncontrolled motions"
572,jerk,9,noun,(mechanics) the rate of change of acceleration
573,jerk,10,noun,raising a weight from shoulder height to above the head by straightening the arms
574,kid,0,verb,be silly or tease one another
575,kid,1,verb,tell false information to for fun
576,kid,2,noun,a human offspring (son or daughter) of any age
577,kid,3,noun,soft smooth leather from the hide of a young goat
578,kid,4,noun,English dramatist (1558-1594)
579,kid,5,noun,a young person of either sex
580,kid,6,noun,young goat
581,kind,0,adjective,"agreeable, conducive to comfort"
582,kind,1,adjective,tolerant and forgiving under provocation
583,kind,2,noun,a category of things distinguished by some common characteristic or quality
584,kind,3,adjective,having or showing a tender and considerate and helpful nature; used especially of persons and their behavior
585,lash,0,noun,leather strip that forms the flexible part of a whip
586,lash,1,verb,beat severely with a whip or rod
587,lash,2,noun,any of the short curved hairs that grow from the edges of the eyelids
588,lash,3,verb,strike as if by whipping
589,lash,4,noun,a quick blow delivered with a whip or whiplike object
590,lash,5,verb,"bind with a rope, chain, or cord"
591,lash,6,verb,lash or flick about sharply
592,last,0,verb,persist for a specified period of time
593,last,1,noun,the time at which life ends; continuing until dead
594,last,2,adverb,the item at the end
595,last,3,adjective,not to be altered or undone
596,last,4,noun,holding device shaped like a human foot that is used to fashion or repair shoes
597,last,5,noun,the temporal end; the concluding time
598,last,6,verb,continue to live and avoid dying
599,last,7,adjective,occurring at or forming an end or termination
600,last,8,adjective,conclusive in a process or progression
601,last,9,adjective,highest in extent or degree
602,last,10,adjective,lowest in rank or importance
603,last,11,noun,the final stage or concluding parts of an event or occurrence
604,last,12,noun,a person's dying act; the final thing a person can do
605,last,13,noun,a unit of capacity for grain equal to 80 bushels
606,last,14,noun,"a unit of weight equal to 4,000 pounds"
607,last,15,adjective,coming after all others in time or space or degree or being the only one remaining
608,last,16,adjective,immediately past
609,last,17,adjective,most unlikely or unsuitable
610,last,18,adjective,occurring at the time of death
611,last,19,noun,the last or lowest in an ordering or series
612,late,0,adverb,in the recent past
613,late,1,adjective,at or toward an end or late period or stage of development
614,late,2,adverb,to an advanced time
615,late,3,adverb,later than usual or than expected
616,late,4,adjective,after the expected or usual time; delayed
617,late,5,adjective,(used especially of persons) of the immediate past
618,late,6,adjective,of the immediate past or just previous to the present time
619,late,7,adjective,being or occurring at an advanced period of time or after a usual or expected time
620,late,8,adjective,having died recently
621,late,9,adjective,of a later stage in the development of a language or literature; used especially of dead languages
622,left,0,noun,the hand that is on the left side of the body
623,left,1,noun,the piece of ground in the outfield on the catcher's left
624,left,2,noun,those who support varying degrees of social or political or economic change designed to promote the public welfare
625,left,3,adjective,not used up
626,left,4,adjective,intended for the left hand
627,left,5,noun,a turn toward the side of the body that is on the north when the person is facing east
628,left,6,adjective,being or located on or directed toward the side of the body to the west when facing north
629,left,7,noun,location near or direction toward the left side; i.e. the side to the north when a person or object faces east
630,left,8,adjective,of or belonging to the political or intellectual left
631,left,9,,toward or on the left; also used figuratively
632,light,0,noun,the quality of being luminous; emitting or reflecting light
633,light,1,noun,having abundant light or illumination
634,light,2,noun,merriment expressed by a brightness or gleam or animation of countenance
635,light,3,adjective,weak and likely to lose consciousness
636,light,4,adjective,marked by temperance in indulgence
637,light,5,adjective,having relatively few calories
638,light,6,noun,a condition of spiritual awareness; divine illumination
639,light,7,verb,fall to somebody by assignment or lot
640,light,8,noun,(physics) electromagnetic radiation that can produce a visual sensation
641,light,9,adjective,(used of vowels or syllables) pronounced with little or no stress
642,light,10,verb,cause to start burning; subject to fire or great heat
643,light,11,adverb,with few burdens
644,light,12,verb,start or maintain a fire in
645,light,13,noun,a divine presence believed by Quakers to enlighten and guide the soul
646,light,14,adjective,moving easily and quickly; nimble
647,light,15,verb,make lighter or brighter
648,light,16,noun,the visual effect of illumination on objects or scenes as created in pictures
649,light,17,noun,a device for lighting or igniting fuel or charges or fires
650,light,18,verb,"to come to rest, settle"
651,light,19,adjective,(of sleep) easily disturbed
652,light,20,adjective,casual and unrestrained in sexual behavior
653,light,21,adjective,(of sound or color) free from anything that dulls or dims
654,light,22,verb,alight from (a horse)
655,light,23,adjective,silly or trivial
656,light,24,noun,any device serving as a source of illumination
657,light,25,adjective,less than the correct or legal or full amount often deliberately so
658,light,26,adjective,(used of color) having a relatively small amount of coloring agent
659,light,27,verb,begin to smoke
660,light,28,noun,an illuminated area
661,light,29,noun,a particular perspective or aspect of a situation
662,light,30,noun,a person regarded very fondly
663,light,31,noun,a visual warning signal
664,light,32,adjective,characterized by or emitting light
665,light,33,adjective,demanding little effort; not burdensome
666,light,34,adjective,designed for ease of movement or to carry little weight
667,light,35,adjective,easily assimilated in the alimentary canal; not rich or heavily seasoned
668,light,36,adjective,having little importance
669,light,37,adjective,intended primarily as entertainment; not serious or profound
670,light,38,noun,mental understanding as an enlightening experience
671,light,39,adjective,of comparatively little physical weight or density
672,light,40,adjective,of little intensity or power or force
673,light,41,adjective,of the military or industry; using (or being) relatively small or light arms or equipment
674,light,42,adjective,"(physics, chemistry) not having atomic weight greater than average"
675,light,43,adjective,psychologically light; especially free from sadness or troubles
676,light,44,noun,public awareness
677,light,45,adjective,(used of soil) loose and large-grained in consistency
678,light,46,adjective,very thin and insubstantial
679,light,47,,not great in degree or quantity or number
680,like,0,verb,prefer or wish to do something
681,like,1,adjective,resembling or similar; having the same or some of the same characteristics; often used in combination
682,like,2,adjective,conforming in every respect
683,like,3,noun,a similar kind
684,like,4,noun,a kind of person
685,like,5,adjective,having the same or similar characteristics
686,like,6,adjective,equal in amount or value
687,like,7,verb,"feel about or towards; consider, evaluate, or regard"
688,like,8,verb,find enjoyable or agreeable
689,like,9,verb,want to have
690,like,10,,be fond of
691,log,0,verb,"cut lumber, as in woods and forests"
692,log,1,noun,the exponent required to produce a given number
693,log,2,noun,a segment of the trunk of a tree when stripped of branches
694,log,3,noun,a written record of events on a voyage (of a ship or plane)
695,log,4,noun,a written record of messages sent or received
696,log,5,verb,"enter into a log, as on ships and planes"
697,log,6,noun,measuring instrument that consists of a float that trails from a ship by a knotted line in order to measure the ship's speed through the water
698,loom,0,verb,appear very large or occupy a commanding position
699,loom,1,verb,"hang over, as of something threatening, dark, or menacing"
700,loom,2,noun,a textile machine for weaving yarn into a textile
701,loom,3,verb,"come into view indistinctly, often threateningly"
702,loom,4,verb,weave on a loom
703,marker,0,noun,a distinguishing symbol
704,marker,1,noun,a writing implement for making a mark
705,marker,2,noun,some conspicuous object used to distinguish or mark something
706,mine,0,noun,excavation in the earth from which ores and minerals are extracted
707,mine,1,noun,explosive device that explodes on contact; designed to destroy vehicles or ships or to kill or maim personnel
708,mine,2,verb,get from the earth by excavation
709,mine,3,verb,lay mines
710,minor,0,adjective,not of legal age
711,minor,1,adjective,"relatively moderate, limited, or small"
712,minor,2,noun,a young person of either sex
713,minor,3,adjective,warranting only temporal punishment
714,minor,4,verb,have as one's secondary field of study
715,minor,5,adjective,inferior in number or size or amount
716,minor,6,adjective,"(of a scale or mode) having half steps between the second and third degrees, and (usually) the fifth and sixth degrees, and the seventh and eighth degrees"
717,minor,7,adjective,of lesser importance or stature or rank
718,minor,8,adjective,of the younger of two boys with the same family name
719,minor,9,,lesser in scope or effect
720,minor,10,,of lesser seriousness or danger
721,minor,11,,of your secondary field of academic concentration or specialization
722,mint,0,noun,a candy that is flavored with a mint oil
723,mint,1,noun,(often followed by `of') a large number or amount or extent
724,mint,2,verb,"form by stamping, punching, or printing"
725,mint,3,noun,any member of the mint family of plants
726,mint,4,noun,any north temperate plant of the genus Mentha with aromatic leaves and small mauve flowers
727,mint,5,noun,a plant where money is coined by authority of the government
728,mint,6,adjective,as if new
729,mint,7,noun,the leaves of a mint plant used fresh or candied
730,mold,0,noun,"a distinctive nature, character, or type"
731,mold,1,noun,a dish or dessert that is formed in or on a mold
732,mold,2,noun,a fungus that produces a superficial growth on various kinds of damp or decaying organic matter
733,mold,3,verb,"make something, usually for a specific function"
734,mold,4,noun,container into which liquid is poured to create a given shape when it hardens
735,mold,5,noun,sculpture produced by molding
736,mold,6,noun,the process of becoming mildewed
737,mold,7,verb,"form by pouring (e.g., wax or hot metal) into a cast or mold"
738,mold,8,verb,"form in clay, wax, etc"
739,mold,9,verb,shape or influence; give direction to
740,mold,10,noun,the distinctive form in which a thing is made
741,mold,11,verb,become moldy; spoil due to humidity
742,mold,12,noun,loose soil rich in organic matter
743,mold,13,verb,"fit tightly, follow the contours of"
744,monitor,0,noun,display produced by a device that takes signals and displays them on a television screen or a computer monitor
745,monitor,1,noun,any of various large tropical carnivorous lizards of Africa and Asia and Australia; fabled to warn of crocodiles
746,monitor,2,verb,keep tabs on; keep an eye on; keep under surveillance
747,monitor,3,noun,someone who supervises (an examination)
748,monitor,4,noun,someone who gives a warning so that a mistake can be avoided
749,monitor,5,noun,an ironclad vessel built by Federal forces to do battle with the Merrimac
750,monitor,6,noun,a piece of electronic equipment that keeps track of the operation of a system continuously and warns of trouble
751,monitor,7,verb,"check, track, or observe by means of a receiver"
752,monitor,8,noun,electronic equipment that is used to check the quality or content of electronic transmissions
753,novel,0,adjective,original and of a kind not seen before
754,novel,1,adjective,pleasantly new or different
755,novel,2,noun,an extended fictional work in prose; usually in the form of a story
756,novel,3,noun,a printed and bound book that is an extended work of fiction
757,patient,0,noun,the semantic role of an entity that is not the agent but is directly involved in or affected by the happening denoted by the verb in the clause
758,patient,1,noun,a person who requires medical care
759,patient,2,adjective,enduring trying circumstances with even temper or characterized by such endurance
760,plane,0,noun,a power tool for smoothing or shaping wood
761,plane,1,noun,an aircraft that has a fixed wing and is powered by propellers or jets
762,plane,2,noun,a carpenter's hand tool with an adjustable blade for smoothing or shaping wood
763,plane,3,verb,travel on the surface of water
764,plane,4,noun,(mathematics) an unbounded two-dimensional shape
765,plane,5,adjective,"having a surface without slope, tilt in which no part is higher or lower than another"
766,plane,6,verb,cut or remove with or as if with a plane
767,plane,7,noun,a level of existence or development
768,plane,8,verb,"make even or smooth, with or as with a carpenter's plane"
769,pool,0,noun,something resembling a pool of liquid
770,pool,1,noun,an association of companies for some definite purpose
771,pool,2,noun,the combined stakes of the betters
772,pool,3,noun,a small body of standing water (rainwater) or other liquid
773,pool,4,noun,a small lake
774,pool,5,noun,any of various games played on a pool table having 6 pockets
775,pool,6,noun,an excavation that is (usually) filled with water
776,pool,7,noun,an organization of people or resources that can be shared
777,pool,8,noun,any communal combination of funds
778,pool,9,verb,combine into a common fund
779,pool,10,verb,join or form a pool of people
780,pound,0,verb,move heavily or clumsily
781,pound,1,verb,partition off into compartments
782,pound,2,verb,"hit hard with the hand, fist, or some heavy instrument"
783,pound,3,noun,the basic unit of money in Cyprus; equal to 100 cents
784,pound,4,verb,move rhythmically
785,pound,5,noun,a symbol for a unit of currency (especially for the pound sterling in Great Britain)
786,pound,6,noun,the act of pounding (delivering repeated heavy blows)
787,pound,7,noun,a public enclosure for stray or unlicensed dogs
788,pound,8,noun,the basic unit of money in Syria; equal to 100 piasters
789,pound,9,noun,a nontechnical unit of force equal to the mass of 1 pound with an acceleration of free fall equal to 32 feet/sec/sec
790,pound,10,noun,the basic unit of money in Great Britain and Northern Ireland; equal to 100 pence
791,pound,11,noun,formerly the basic unit of money in Ireland; equal to 100 pence
792,pound,12,noun,16 ounces avoirdupois
793,pound,13,noun,the basic unit of money in Lebanon; equal to 100 piasters
794,pound,14,noun,the basic unit of money in the Sudan; equal to 100 piasters
795,pound,15,verb,shut up or confine in any enclosure or within any bounds or limits
796,pound,16,verb,place or shut up in a pound
797,pound,17,noun,the basic unit of money in Egypt; equal to 100 piasters
798,pound,18,verb,strike or drive against with a heavy impact
799,pound,19,noun,United States writer who lived in Europe; strongly influenced the development of modern literature (1885-1972)
800,pound,20,noun,a unit of apothecary weight equal to 12 ounces troy
801,pound,21,verb,"break down and crush by beating, as with a pestle"
802,prune,0,verb,weed out unwanted or unnecessary things
803,prune,1,verb,"cultivate, tend, and cut back the growth of"
804,prune,2,noun,dried plum
805,pupil,0,noun,a learner who is enrolled in an educational institution
806,pupil,1,noun,a young person attending school (up through senior high school)
807,pupil,2,noun,the contractile aperture in the center of the iris of the eye; resembles a large black dot
808,racket,0,verb,"celebrate noisily, often indulging in drinking; engage in uproarious festivities"
809,racket,1,noun,the auditory experience of sound that lacks musical quality; sound that is a disagreeable auditory experience
810,racket,2,noun,a sports implement (usually consisting of a handle and an oval frame with a tightly interlaced network of strings) used to strike a ball (or shuttlecock) in various games
811,racket,3,noun,an illegal enterprise (such as extortion or fraud or drug peddling or prostitution) carried on for profit
812,racket,4,noun,a loud and disturbing noise
813,racket,5,verb,hit (a ball) with a racket
814,racket,6,verb,make loud and annoying noises
815,range,0,verb,assign a rank or rating to
816,range,1,verb,range or extend over; occupy a certain area
817,range,2,noun,the limit of capability
818,range,3,noun,the limits within which something can be effective
819,range,4,noun,an area in which something acts or operates or has power or control:
820,range,5,noun,a series of hills or mountains
821,range,6,verb,feed as in a meadow or pasture
822,range,7,verb,"move about aimlessly or without any destination, often in search of food or employment"
823,range,8,verb,change or be different within limits
824,range,9,noun,(mathematics) the set of values of the dependent variable for which a function is defined
825,range,10,noun,a kitchen appliance used for cooking food
826,range,11,verb,lay out orderly or logically in a line or as if in a line
827,range,12,noun,a large tract of grassy open land on which livestock can graze
828,range,13,noun,a place for shooting (firing or driving) projectiles of various kinds
829,range,14,noun,a variety of different things or activities
830,range,15,verb,"have a range; be capable of projecting over a certain distance, as of a gun"
831,range,16,verb,let eat
832,refrain,0,verb,resist doing something
833,refrain,1,verb,choose not to consume
834,refrain,2,noun,the part of a song where a soloist is joined by a group of singers
835,reservation,0,noun,an unstated doubt that prevents you from accepting something wholeheartedly
836,reservation,1,noun,a statement that limits or restricts some claim
837,reservation,2,noun,a district that is reserved for particular purpose
838,reservation,3,noun,the act of reserving (a place or passage) or engaging the services of (a person or group)
839,reservation,4,noun,something reserved in advance (as a hotel accommodation or a seat on a plane etc.)
840,reservation,5,noun,the act of keeping back or setting aside for some future occasion
841,reservation,6,noun,the written record or promise of an arrangement by which accommodations are secured in advance
842,riot,0,noun,a joke that seems extremely funny
843,riot,1,noun,a state of disorder involving group violence
844,riot,2,noun,a wild gathering involving excessive drinking and promiscuity
845,riot,3,verb,"engage in boisterous, drunken merrymaking"
846,riot,4,noun,a public act of violence by an unruly mob
847,riot,5,verb,take part in a riot; disturb the public peace by engaging in a riot
848,sanction,0,noun,official permission or approval
849,sanction,1,verb,give sanction to
850,sanction,2,noun,formal and explicit approval
851,sanction,3,noun,a mechanism of social control for enforcing a society's standards
852,sanction,4,verb,give authority or permission to
853,sanction,5,verb,"give religious sanction to, such as through on oath"
854,sanction,6,noun,the act of final authorization
855,seal,0,noun,a member of a Naval Special Warfare unit who is trained for unconventional warfare
856,seal,1,noun,fastener consisting of a resinous composition that is plastic when warm; used for sealing documents and parcels and letters
857,seal,2,verb,make tight; secure against leakage
858,seal,3,noun,a device incised to make an impression; used to secure a closing or to authenticate documents
859,seal,4,noun,the pelt or fur (especially the underfur) of a seal
860,seal,5,verb,cover with varnish
861,seal,6,noun,an indication of approved or superior status
862,seal,7,verb,affix a seal to
863,seal,8,noun,a finishing coat applied to exclude moisture
864,seal,9,noun,any of numerous marine mammals that come on shore to breed; chiefly of cold regions
865,seal,10,noun,a stamp affixed to a document (as to attest to its authenticity or to seal it)
866,seal,11,verb,close with or as if with a seal
867,seal,12,verb,decide irrevocably
868,seal,13,noun,fastener that provides a tight and perfect closure
869,seal,14,verb,hunt seals
870,season,0,noun,one of the natural periods into which the year is divided by the equinoxes and solstices or atmospheric conditions
871,season,1,verb,"make more temperate, acceptable, or suitable by adding something else"
872,season,2,verb,lend flavor to
873,season,3,verb,make fit
874,season,4,noun,a period of the year marked by special events or activities in some field
875,season,5,noun,a recurrent time marked by major holidays
876,sentence,0,verb,pronounce a sentence on (somebody) in a court of law
877,sentence,1,noun,(criminal law) a final judgment of guilty in a criminal case and the punishment that is imposed
878,sentence,2,noun,the period of time a prisoner is imprisoned
879,sentence,3,noun,a string of words satisfying the grammatical rules of a language
880,shake,0,verb,move back and forth or sideways
881,shake,1,noun,a note that alternates rapidly with another note a semitone above it
882,shake,2,verb,move or cause to move back and forth
883,shake,3,noun,grasping and shaking a person's hand (as to acknowledge an introduction or to agree on a contract)
884,shake,4,noun,building material used as siding or roofing
885,shake,5,verb,move with or as if with a tremor
886,shake,6,noun,causing to move repeatedly from side to side
887,shake,7,verb,get rid of
888,shake,8,noun,frothy drink of milk and flavoring and sometimes fruit or ice cream
889,shake,9,verb,shake or vibrate rapidly and intensively
890,shake,10,verb,"stir the feelings, emotions, or peace of"
891,shake,11,noun,a reflex motion caused by cold or fear or excitement
892,shake,12,verb,bring to a specified condition by or as if by shaking
893,shake,13,verb,"shake (a body part) to communicate a greeting, feeling, or cognitive state"
894,shake,14,verb,undermine or cause to waver
895,sink,0,verb,fall heavily or suddenly; decline markedly
896,sink,1,verb,appear to move downward
897,sink,2,noun,a depression in the ground communicating with a subterranean passage (especially in limestone) and formed by solution or by collapse of a cavern roof
898,sink,3,verb,fall or descend to a lower place or level
899,sink,4,noun,a covered cistern; waste water and sewage flow into it
900,sink,5,verb,go under
901,sink,6,verb,pass into a specified state or condition
902,sink,7,verb,fall or sink heavily
903,sink,8,verb,embed deeply
904,sink,9,verb,descend into or as if into some soft substance or place
905,sink,10,verb,cause to sink
906,sink,11,noun,plumbing fixture consisting of a water basin fixed to a wall or floor and having a drainpipe
907,sink,12,noun,(technology) a process that acts to absorb or remove energy or a substance from a system
908,solution,0,noun,a statement that solves a problem or explains how to solve the problem
909,solution,1,noun,the set of values that give a true statement when substituted into an equation
910,solution,2,noun,a homogeneous mixture of two or more substances; frequently (but not necessarily) a liquid solution
911,solution,3,noun,a method for solving a problem
912,solution,4,noun,the successful action of solving a problem
913,spare,0,adjective,not taken up by scheduled activities
914,spare,1,adjective,thin and fit
915,spare,2,verb,refrain from harming
916,spare,3,adjective,lacking embellishment or ornamentation
917,spare,4,noun,an extra car wheel and tire for a four-wheel vehicle
918,spare,5,verb,give up what is not strictly needed
919,spare,6,adjective,"more than is needed, desired, or required"
920,spare,7,noun,an extra component of a machine or other apparatus
921,spare,8,adjective,lacking in magnitude or quantity
922,spare,9,noun,a score in tenpins; knocking down all ten after rolling two balls
923,spare,10,adjective,kept in reserve especially for emergency use
924,spare,11,verb,save or relieve from an experience or action
925,spare,12,verb,use frugally or carefully
926,squash,0,verb,"to compress with violence, out of natural shape or condition"
927,squash,1,noun,a game played in an enclosed court by two or four players who strike the ball with long-handled rackets
928,squash,2,noun,any of numerous annual trailing plants of the genus Cucurbita grown for their fleshy edible fruits
929,squash,3,noun,edible fruit of a squash plant; eaten as a vegetable
930,stable,0,adjective,showing little if any change
931,stable,1,noun,a farm building for housing horses or other livestock
932,stable,2,adjective,firm and dependable; subject to little fluctuation
933,stable,3,adjective,maintaining equilibrium
934,stable,4,adjective,not taking part readily in chemical change
935,stable,5,adjective,resistant to change of position or condition
936,stable,6,verb,shelter in a stable
937,stamp,0,verb,walk heavily
938,stamp,1,noun,something that can be used as an official medium of payment
939,stamp,2,noun,machine consisting of a heavy bar that moves vertically for pounding or crushing ores
940,stamp,3,verb,raise in a relief
941,stamp,4,verb,treat or classify according to a mental stereotype
942,stamp,5,noun,a small adhesive token stuck on a letter or package to indicate that that postal fees have been paid
943,stamp,6,noun,a symbol that is the result of printing or engraving
944,stamp,7,noun,a small piece of adhesive paper that is put on an object to show that a government tax has been paid
945,stamp,8,noun,a device incised to make an impression; used to secure a closing or to authenticate documents
946,stamp,9,noun,the distinctive form in which a thing is made
947,stamp,10,noun,a block or die used to imprint a mark or design
948,stamp,11,verb,affix a stamp to
949,stamp,12,noun,a type or class
950,stamp,13,verb,crush or grind with a heavy instrument
951,stamp,14,verb,destroy or extinguish as if by stamping with the foot
952,stamp,15,verb,"form or cut out with a mold, form, or die"
953,stamp,16,verb,reveal clearly as having a certain character
954,stamp,17,verb,"to mark, or produce an imprint in or on something"
955,star,0,verb,mark with an asterisk
956,star,1,adjective,indicating the most important performer or role
957,star,2,noun,a star-shaped character * used in printing
958,star,3,noun,the topology of a network whose components are connected to a hub
959,star,4,noun,someone who is dazzlingly skilled in any field
960,star,5,noun,an actor who plays a principal role
961,star,6,noun,a performer who receives prominent billing
962,star,7,noun,any celestial body visible (as a point of light) from the Earth at night
963,star,8,noun,a plane figure with 5 or more points; often used as an emblem
964,star,9,noun,(astronomy) a celestial body of hot gases that radiates energy derived from thermonuclear reactions in the interior
965,star,10,verb,be the star in a performance
966,star,11,verb,feature as the star
967,steer,0,noun,castrated bull
968,steer,1,verb,be a guiding or motivating force or drive
969,steer,2,verb,direct the course; determine the direction of travelling
970,steer,3,noun,an indication of potential opportunity
971,steer,4,verb,direct (oneself) somewhere
972,stern,0,adjective,of a stern or strict bearing or demeanor; forbidding in aspect
973,stern,1,adjective,severe and unremitting in making demands
974,stern,2,noun,the rear part of a ship
975,stern,3,noun,United States concert violinist (born in Russia in 1920)
976,stern,4,adjective,severely simple
977,stern,5,adjective,not to be placated or appeased or moved by entreaty
978,stern,6,noun,the fleshy part of the human body that you sit on
979,stoop,0,noun,basin for holy water
980,stoop,1,noun,small porch or set of steps at the front entrance of a house
981,stoop,2,verb,bend one's back forward from the waist on down
982,stoop,3,verb,"debase oneself morally, act in an undignified, unworthy, or dishonorable way"
983,stoop,4,noun,an inclination of the top half of the body forward and downward
984,stoop,5,verb,"carry oneself, often habitually, with head, shoulders, and upper back bent forward"
985,stoop,6,verb,"descend swiftly, as if on prey"
986,stoop,7,verb,"sag, bend, bend over or down"
987,strike,0,verb,drive something violently into a location
988,strike,1,noun,a conspicuous success
989,strike,2,noun,a gentle blow
990,strike,3,noun,a score in tenpins: knocking down all ten with the first ball
991,strike,4,verb,"make a strategic, offensive, assault against an enemy, opponent, or a target"
992,strike,5,verb,"affect or afflict suddenly, usually adversely"
993,strike,6,verb,touch or seem as if touching visually or audibly
994,strike,7,verb,find unexpectedly
995,strike,8,verb,remove by erasing or crossing out or as if by drawing a line
996,strike,9,verb,cause to experience suddenly
997,strike,10,verb,have an emotional or cognitive impact upon
998,strike,11,verb,"form by stamping, punching, or printing"
999,strike,12,verb,smooth with a strickle
1000,strike,13,noun,a group's refusal to work in protest against low pay or bad work conditions
1001,strike,14,verb,stop work in order to press demands
1002,strike,15,verb,produce by manipulating keys or strings of musical instruments
1003,strike,16,verb,occupy or take on
1004,strike,17,verb,hit against; come into sudden contact with
1005,strike,18,verb,attain
1006,strike,19,noun,an attack that is intended to seize or inflict damage on or destroy an objective
1007,strike,20,verb,"arrive at after reckoning, deliberating, and weighing"
1008,strike,21,noun,"(baseball) a pitch that the batter swings at and misses, or that the batter hits into foul territory, or that the batter does not swing at but the umpire judges to be in the area over home plate and between the batter's knees and shoulders"
1009,strike,22,verb,cause to form (an electric arc) between electrodes of an arc lamp
1010,strike,23,verb,"deliver a sharp blow, as with the hand, fist, or weapon"
1011,strike,24,verb,"disassemble a temporary structure, such as a tent or a theatrical set"
1012,strike,25,verb,indicate (a certain time) by striking
1013,strike,26,verb,pierce with force
1014,strike,27,verb,produce by ignition or a blow
1015,suit,0,verb,enhance the appearance of
1016,suit,1,verb,be agreeable or acceptable to
1017,suit,2,noun,a man's courting of a woman; seeking the affections of a woman (usually with the hope of marriage)
1018,suit,3,verb,accord or comport with
1019,suit,4,noun,a comprehensive term for any proceeding in a court of law whereby an individual seeks a legal remedy
1020,suit,5,noun,a set of garments (usually including a jacket and trousers or skirt) for outerwear all of the same fabric and color
1021,suit,6,noun,a petition or appeal made to a person of superior status or rank
1022,suit,7,verb,be agreeable or acceptable
1023,suit,8,noun,playing card in any of four sets of 13 cards in a pack; each set has its own symbol and color
1024,suit,9,noun,(slang) a businessman dressed in a business suit
1025,tackle,0,verb,put a harness
1026,tackle,1,noun,gear consisting of ropes etc. supporting a ship's masts and sails
1027,tackle,2,noun,gear used in fishing
1028,tackle,3,verb,accept as a challenge
1029,tackle,4,noun,(American football) a position on the line of scrimmage
1030,tackle,5,noun,(American football) grasping an opposing player with the intention of stopping by throwing to the ground
1031,tackle,6,verb,"seize and throw down an opponent player, who usually carries the ball"
1032,tackle,7,noun,the person who plays that position on a football team
1033,terrific,0,adjective,causing extreme terror
1034,terrific,1,adjective,extraordinarily good or great; used especially as intensifiers
1035,terrific,2,adjective,very great or intense
1036,trace,0,verb,to go back over again
1037,trace,1,noun,a suggestion of some quality
1038,trace,2,noun,a just detectable amount
1039,trace,3,verb,make a mark or lines on a surface
1040,trace,4,verb,pursue or chase relentlessly
1041,trace,5,noun,an indication that something has been present
1042,trace,6,verb,"follow, discover, or ascertain the course of development of something"
1043,trace,7,verb,read with difficulty
1044,trace,8,noun,a drawing created by superimposing a semitransparent sheet of paper on the original image and copying on it the lines of the original image
1045,trace,9,noun,a visible mark (as a footprint) left by the passage of person or animal or vehicle
1046,trace,10,verb,copy by following the lines of the original drawing on a transparent sheet placed upon it; make a tracing of
1047,trace,11,verb,discover traces of
1048,trace,12,noun,either of two lines that connect a horse's harness to a wagon or other vehicle or to a whiffletree
1049,trace,13,verb,"make one's course or travel along a path; travel or pass over, around, or along"
